{
  "args0": [
    {
      "type": "field_number",
      "name": "speed",
      "value": 1.2
    },
    {
      "type": "field_checkbox",
      "name": "longmemory",
      "checked": false
    },
    {
      "type": "field_ai_condition_selector",
      "name": "condition"
    }
  ],
  "inputsInline": true,
  "previousStatement": null,
  "nextStatement": null,
  "colour": 200,
  "mcreator": {
    "toolbox_id": "combattasks",
    "fields": [
      "speed",
      "longmemory",
      "condition"
    ]
  }
}