{
  "args0": [
    {
      "type": "field_number",
      "name": "radius",
      "value": 6.0
    },
    {
      "type": "field_data_list_selector",
      "name": "entity",
      "datalist": "entity",
      "testValue": "EntityCreeper"
    },
    {
      "type": "field_ai_condition_selector",
      "name": "condition"
    }
  ],
  "inputsInline": true,
  "previousStatement": null,
  "nextStatement": null,
  "colour": 20,
  "mcreator": {
    "toolbox_id": "targettasks",
    "fields": [
      "entity",
      "radius",
      "condition"
    ]
  }
}