{
  "id": "generator-fabric-1.20.1",
  "minversion": 202300335319,
  "maxversion": 202300399999,
  "weight":  11,
  "info": {
    "name": "Minecraft Fabric 1.20.1 Generator",
    "version": "1.9.10",
    "description": "A Fabric generator",
    "author": "Goldorion",
    "credits": "Thank you to all contributors and supporters on Ko-fi",
    "updateJSONURL": "https://raw.githubusercontent.com/Goldorion/Fabric-Generator-MCreator/1.20.1/update.json",
    "pluginPageID": 64512
  }
}
