{
  "dependencies_provided": [
    {
      "name": "world",
      "type": "world"
    },
    {
      "name": "x",
      "type": "number"
    },
    {
      "name": "y",
      "type": "number"
    },
    {
      "name": "z",
      "type": "number"
    },
    {
      "name": "entity",
      "type": "entity"
    },
    {
      "name": "blockstate",
      "type": "blockstate"
    },
    {
      "name": "falldistance",
      "type": "number"
    }
  ],
  "cancelable": "true",
  "side": "server"
}