{
  "args0": [
    {
      "type": "input_value",
      "name": "map",
      "check": "erimapvar"
    },
    {
      "type": "input_value",
      "name": "key",
      "check": "String"
    }
  ],
  "inputsInline": true,
  "output": "Boolean",
  "colour": "#607c99",
  "mcreator": {
    "toolbox_id": "erimap",
    "toolbox_init": [
      "<value name=\"map\"><block type=\"variables_get_erimapvar\"><mutation xmlns=\"http://www.w3.org/1999/xhtml\" is_player_var=\"false\" has_entity=\"false\"></mutation><field name=\"VAR\"></field></block></value>",
      "<value name=\"key\"><block type=\"text\"><field name=\"TEXT\">text</field></block></value>"
    ],
    "inputs": [
      "map",
      "key"
    ]
  }
}