{
  "args0": [
    {
      "type": "input_value",
      "name": "map",
      "check": "erimapvar"
    }
  ],
  "inputsInline": true,
  "output": "Number",
  "colour": "#606999",
  "mcreator": {
    "toolbox_id": "erimap",
    "toolbox_init": [
      "<value name=\"map\"><block type=\"variables_get_erimapvar\"><mutation xmlns=\"http://www.w3.org/1999/xhtml\" is_player_var=\"false\" has_entity=\"false\"></mutation><field name=\"VAR\"></field></block></value>"
    ],
    "inputs": [
      "map"
    ]
  }
}