{
  "args0": [
    {
      "type": "input_value",
      "name": "item",
      "check": "MCItem"
    },
    {
      "type": "input_value",
      "name": "lore",
      "check": "String"
    }
  ],
  "inputsInline": true,
  "previousStatement": null,
  "nextStatement": null,
  "colour": "#7c0e0e",
  "mcreator": {
    "toolbox_id": "itemmanagement",
    "toolbox_init": [
      "<value name=\"item\"><block type=\"mcitem_all\"><field name=\"value\"></field></block></value>",
      "<value name=\"lore\"><block type=\"text\"><field name=\"TEXT\">Lore</field></block></value>"
    ],
    "inputs": [
      "item",
      "lore"
    ]
  }
}