{
  "args0": [
    {
      "type": "input_value",
      "name": "type",
      "check": "String"
    },
    {
      "type": "field_dropdown",
      "name": "logtype",
      "options": [
        [
          "info",
          "info"
        ],
        [
          "warn",
          "warn"
        ],
        [
          "error",
          "error"
        ],
        [
          "success",
          "success"
        ]
      ]
    },
    {
      "type": "input_value",
      "name": "message",
      "check": "String"
    }
  ],
  "inputsInline": true,
  "previousStatement": null,
  "nextStatement": null,
  "colour": "#7c0e0e",
  "mcreator": {
    "toolbox_id": "erilog",
    "toolbox_init": [
      "<value name=\"type\"><block type=\"text\"><field name=\"TEXT\">type</field></block></value>",
      "<value name=\"message\"><block type=\"text\"><field name=\"TEXT\">Message</field></block></value>"
    ],
    "inputs": [
      "type",
      "message"
    ],
    "fields": [
      "logtype"
    ],
    "dependencies": [
      {
        "name": "world",
        "type": "world"
      }
    ]
  }
}