{
  "args0": [
    {
      "type": "input_value",
      "name": "entity",
      "check": "Entity"
    },
    {
      "type": "input_value",
      "name": "permission",
      "check": "String"
    }
  ],
  "inputsInline": true,
  "output": "Boolean",
  "colour": "#bdc448",
  "mcreator": {
    "toolbox_id": "base",
    "toolbox_init": [
      "<value name=\"entity\"><block type=\"entity_from_deps\"></block></value>",
      "<value name=\"permission\"><block type=\"text\"><field name=\"TEXT\">text</field></block></value>"
    ],
    "inputs": [
      "entity",
      "permission"
    ]
  }
}