{
  "args0": [
    {
      "type": "input_value",
      "name": "string",
      "check": "String"
    },
    {
      "type": "input_value",
      "name": "array",
      "check": "EriStringArray"
    }
  ],
  "inputsInline": true,
  "previousStatement": null,
  "nextStatement": null,
  "colour": "#00c31d",
  "mcreator": {
    "toolbox_id": "eriarraylist",
    "toolbox_init": [
      "<value name=\"string\"><block type=\"text\"><field name=\"TEXT\">REPLACE THIS BLOCK</field></block></value>",
      "<value name=\"array\"><block type=\"variables_get_eristringarray\"><mutation xmlns=\"http://www.w3.org/1999/xhtml\" is_player_var=\"false\" has_entity=\"false\"></mutation><field name=\"VAR\"></field></block></value>"
    ],
    "inputs": [
      "string",
      "array"
    ]
  }
}