{
  "args0": [
    {
      "type": "input_value",
      "name": "path",
      "check": "String"
    },
    {
      "type": "input_statement",
      "name": "boucle"
    }
  ],
  "inputsInline": true,
  "previousStatement": null,
  "nextStatement": null,
  "colour": "#7c0e0e",
  "mcreator": {
    "toolbox_id": "",
    "toolbox_init": [
      "<value name=\"path\"><block type=\"text\"><field name=\"TEXT\">path/to/my/folder</field></block></value>"
    ],
    "inputs": [
      "path"
    ],
    "statements": [
      {
        "name": "boucle",
        "disable_local_variables": false
      }
    ],
    "dependencies": [
      {
        "name": "world",
        "type": "world"
      }
    ]
  }
}