{
  "args0": [
    {
      "type": "input_value",
      "name": "startX",
      "check": "Number"
    },
    {
      "type": "input_value",
      "name": "startZ",
      "check": "Number"
    },
    {
      "type": "input_value",
      "name": "endX",
      "check": "Number"
    },
    {
      "type": "input_value",
      "name": "endZ",
      "check": "Number"
    },
    {
      "type": "input_value",
      "name": "forY",
      "check": "Number"
    },
    {
      "type": "input_statement",
      "name": "executor"
    }
  ],
  "inputsInline": true,
  "previousStatement": null,
  "nextStatement": null,
  "colour": "#7c0e0e",
  "mcreator": {
    "toolbox_id": "base",
    "toolbox_init": [
      "<value name=\"startX\"><block type=\"math_number\"><field name=\"NUM\">0</field></block></value>",
      "<value name=\"startZ\"><block type=\"math_number\"><field name=\"NUM\">0</field></block></value>",
      "<value name=\"endX\"><block type=\"math_number\"><field name=\"NUM\">0</field></block></value>",
      "<value name=\"endZ\"><block type=\"math_number\"><field name=\"NUM\">0</field></block></value>",
      "<value name=\"forY\"><block type=\"math_number\"><field name=\"NUM\">0</field></block></value>"
    ],
    "inputs": [
      "startX",
      "startZ",
      "endX",
      "endZ",
      "forY"
    ],
    "statements": [
      {
        "name": "executor",
        "disable_local_variables": false
      }
    ],
    "dependencies": [
      {
        "name": "world",
        "type": "world"
      }
    ]
  }
}