{
  "args0": [
    {
      "type": "input_value",
      "name": "positionX",
      "check": "Number"
    },
    {
      "type": "input_value",
      "name": "positionZ",
      "check": "Number"
    }
  ],
  "inputsInline": true,
  "output": "String",
  "colour": "#7c0e0e",
  "mcreator": {
    "toolbox_id": "",
    "toolbox_init": [
      "<value name=\"positionX\"><block type=\"math_number\"><field name=\"NUM\">0</field></block></value>",
      "<value name=\"positionZ\"><block type=\"math_number\"><field name=\"NUM\">0</field></block></value>"
    ],
    "inputs": [
      "positionX",
      "positionZ"
    ],
    "dependencies": [
      {
        "name": "world",
        "type": "world"
      }
    ]
  }
}