{
  "args0": [
    {
      "type": "input_value",
      "name": "HashMap",
      "check": "EriHashMapNumber"
    },
    {
      "type": "input_value",
      "name": "startindex",
      "check": "Number"
    },
    {
      "type": "input_value",
      "name": "repeat",
      "check": "Number"
    },
    {
      "type": "input_statement",
      "name": "execution"
    }
  ],
  "inputsInline": true,
  "previousStatement": null,
  "nextStatement": null,
  "colour": "#159111",
  "mcreator": {
    "toolbox_id": "hashmapcategory",
    "toolbox_init": [
      "<value name=\"HashMap\"><block type=\"variables_get_erihashmapnumber\"><mutation xmlns=\"http://www.w3.org/1999/xhtml\" is_player_var=\"false\" has_entity=\"false\"></mutation><field name=\"VAR\"></field></block></value>",
      "<value name=\"startindex\"><block type=\"math_number\"><field name=\"NUM\">0</field></block></value>",
      "<value name=\"repeat\"><block type=\"math_number\"><field name=\"NUM\">0</field></block></value>"
    ],
    "inputs": [
      "HashMap",
      "startindex",
      "repeat"
    ],
    "statements": [
      {
        "name": "execution",
        "disable_local_variables": false
      }
    ]
  }
}