{
  "args0": [
    {
      "type": "input_value",
      "name": "map",
      "check": "EriHashMapNumber"
    }
  ],
  "inputsInline": true,
  "previousStatement": null,
  "nextStatement": null,
  "colour": "#138b13",
  "mcreator": {
    "toolbox_id": "hashmapcategory",
    "toolbox_init": [
      "<value name=\"map\"><block type=\"variables_get_erihashmapnumber\"><mutation xmlns=\"http://www.w3.org/1999/xhtml\" is_player_var=\"false\" has_entity=\"false\"></mutation><field name=\"VAR\"></field></block></value>"
    ],
    "inputs": [
      "map"
    ]
  }
}