{
  "args0": [
    {
      "type": "input_value",
      "name": "Object",
      "check": "EriObject"
    }
  ],
  "inputsInline": true,
  "output": "Boolean",
  "colour": "#607c99",
  "mcreator": {
    "toolbox_id": "object",
    "toolbox_init": [
      "<value name=\"Object\"><block type=\"variables_get_eriobject\"><mutation xmlns=\"http://www.w3.org/1999/xhtml\" is_player_var=\"false\" has_entity=\"false\"></mutation><field name=\"VAR\"></field></block></value>"
    ],
    "inputs": [
      "Object"
    ]
  }
}