{
  "args0": [
    {
      "type": "input_value",
      "name": "name",
      "check": "String"
    },
    {
      "type": "input_value",
      "name": "object",
      "check": "EriObject"
    }
  ],
  "inputsInline": true,
  "previousStatement": null,
  "nextStatement": null,
  "colour": "#7a1da6",
  "mcreator": {
    "toolbox_id": "object",
    "toolbox_init": [
      "<value name=\"name\"><block type=\"text\"><field name=\"TEXT\">name</field></block></value>",
      "<value name=\"object\"><block type=\"variables_get_eriobject\"><mutation xmlns=\"http://www.w3.org/1999/xhtml\" is_player_var=\"false\" has_entity=\"false\"></mutation><field name=\"VAR\"></field></block></value>"
    ],
    "inputs": [
      "name",
      "object"
    ]
  }
}