{
  "args0": [
    {
      "type": "input_value",
      "name": "Object",
      "check": "EriObject"
    },
    {
      "type": "input_statement",
      "name": "executor"
    }
  ],
  "inputsInline": true,
  "previousStatement": null,
  "nextStatement": null,
  "colour": "#721962",
  "mcreator": {
    "toolbox_id": "object",
    "toolbox_init": [
      "<value name=\"Object\"><block type=\"variables_get_eriobject\"><mutation xmlns=\"http://www.w3.org/1999/xhtml\" is_player_var=\"false\" has_entity=\"false\"></mutation><field name=\"VAR\"></field></block></value>"
    ],
    "inputs": [
      "Object"
    ],
    "statements": [
      {
        "name": "executor",
        "disable_local_variables": false
      }
    ]
  }
}