{
  "args0": [
    {
      "type": "input_value",
      "name": "entity",
      "check": "Entity"
    },
    {
      "type": "input_value",
      "name": "name",
      "check": "String"
    }
  ],
  "inputsInline": true,
  "previousStatement": null,
  "nextStatement": null,
  "colour": "#7c0e0e",
  "mcreator": {
    "toolbox_id": "",
    "toolbox_init": [
      "<value name=\"entity\"><block type=\"entity_from_deps\"></block></value>",
      "<value name=\"name\"><block type=\"text\"><field name=\"TEXT\">CustomName</field></block></value>"
    ],
    "inputs": [
      "entity",
      "name"
    ]
  }
}