{
  "args0": [
    {
      "type": "input_value",
      "name": "NBTName",
      "check": "String"
    },
    {
      "type": "input_value",
      "name": "NBTValue",
      "check": "String"
    }
  ],
  "inputsInline": true,
  "previousStatement": null,
  "nextStatement": null,
  "colour": "#609985",
  "mcreator": {
    "toolbox_id": "jlskyzer_procedures",
    "toolbox_init": [
      "<value name=\"NBTName\"><block type=\"text\"><field name=\"TEXT\">NBT Name</field></block></value>",
      "<value name=\"NBTValue\"><block type=\"text\"><field name=\"TEXT\">MyValue</field></block></value>"
    ],
    "inputs": [
      "NBTName",
      "NBTValue"
    ],
    "dependencies": [
      {
        "name": "world",
        "type": "world"
      }
    ]
  }
}