{
  "args0": [
    {
      "type": "input_value",
      "name": "amount",
      "check": "Number"
    },
    {
      "type": "input_value",
      "name": "entity",
      "check": "Entity"
    },
    {
      "type": "input_value",
      "name": "loc",
      "check": "String"
    },
    {
      "type": "field_checkbox",
      "name": "dh",
      "checked": false
    },
    {
      "type": "field_checkbox",
      "name": "ba",
      "checked": false
    },
    {
      "type": "field_checkbox",
      "name": "bi",
      "checked": false
    },
    {
      "type": "field_checkbox",
      "name": "bm",
      "checked": false
    },
    {
      "type": "field_checkbox",
      "name": "be",
      "checked": false
    },
    {
      "type": "field_checkbox",
      "name": "ifs",
      "checked": false
    },
    {
      "type": "field_checkbox",
      "name": "na",
      "checked": false
    }
  ],
  "inputsInline": true,
  "previousStatement": null,
  "nextStatement": null,
  "colour": "#608999",
  "mcreator": {
    "toolbox_id": "vex",
    "toolbox_init": [
      "<value name=\"amount\"><block type=\"math_number\"><field name=\"NUM\">1</field></block></value>",
      "<value name=\"entity\"><block type=\"entity_from_deps\"></block></value>",
      "<value name=\"loc\"><block type=\"text\"><field name=\"TEXT\">custom</field></block></value>"
    ],
    "inputs": [
      "amount",
      "entity",
      "loc"
    ],
    "fields": [
      "dh",
      "ba",
      "bi",
      "bm",
      "be",
      "ifs",
      "na"
    ]
  }
}