{
  "args0": [
    {
      "type": "input_value",
      "name": "Object",
      "check": "EriObject"
    },
    {
      "type": "field_dropdown",
      "name": "instance",
      "options": [
        [
          "Block",
          "Block"
        ],
        [
          "Direction",
          "Direction"
        ],
        [
          "Entity",
          "Entity"
        ],
        [
          "Item",
          "Item"
        ],
        [
          "Boolean",
          "Boolean"
        ],
        [
          "Number",
          "Number"
        ],
        [
          "String",
          "String"
        ]
      ]
    }
  ],
  "inputsInline": true,
  "output": "EriObject",
  "colour": "#721962",
  "mcreator": {
    "toolbox_id": "object",
    "toolbox_init": [
      "<value name=\"Object\"><block type=\"variables_get_eriobject\"><mutation xmlns=\"http://www.w3.org/1999/xhtml\" is_player_var=\"false\" has_entity=\"false\"></mutation><field name=\"VAR\"></field></block></value>"
    ],
    "inputs": [
      "Object"
    ],
    "fields": [
      "instance"
    ]
  }
}