{
  "args0": [
    {
      "type": "field_input",
      "name": "name"
    },
    {
      "type": "input_value",
      "name": "Object",
      "check": "EriObject"
    }
  ],
  "inputsInline": true,
  "previousStatement": null,
  "nextStatement": null,
  "colour": "#7a1da6",
  "mcreator": {
    "toolbox_id": "object",
    "toolbox_init": [
      "<value name=\"Object\"><block type=\"variables_get_eriobject\"><mutation xmlns=\"http://www.w3.org/1999/xhtml\" is_player_var=\"false\" has_entity=\"false\"></mutation><field name=\"VAR\"></field></block></value>"
    ],
    "inputs": [
      "Object"
    ],
    "fields": [
      "name"
    ]
  }
}