{
  "args0": [
    {
      "type": "input_value",
      "name": "pattern",
      "check": "String"
    },
    {
      "type": "input_value",
      "name": "String",
      "check": "String"
    }
  ],
  "inputsInline": true,
  "previousStatement": null,
  "nextStatement": null,
  "colour": "#721962",
  "mcreator": {
    "toolbox_id": "object",
    "toolbox_init": [
      "<value name=\"pattern\"><block type=\"text\"><field name=\"TEXT\">Name: %STRING%, Score: %NUMERIC%, Valid: %BOOLEAN%</field></block></value>",
      "<value name=\"String\"><block type=\"text\"><field name=\"TEXT\">Name: \"Alice Dupont\", Score: 85.5, Valid: false</field></block></value>"
    ],
    "inputs": [
      "pattern",
      "String"
    ]
  }
}