{
  "args0": [
    {
      "type": "input_value",
      "name": "root",
      "check": "Root"
    },
    {
      "type": "input_value",
      "name": "text",
      "check": "String"
    }
  ],
  "inputsInline": true,
  "output": "Root",
  "colour": "#be972b",
  "mcreator": {
    "toolbox_id": "roots",
    "toolbox_init": [
      "<value name=\"root\"><block type=\"variables_get_root\"><mutation xmlns=\"http://www.w3.org/1999/xhtml\" is_player_var=\"false\" has_entity=\"false\"></mutation><field name=\"VAR\"></field></block></value>",
      "<value name=\"text\"><block type=\"text\"><field name=\"TEXT\">assets/minecraft</field></block></value>"
    ],
    "inputs": [
      "root",
      "text"
    ]
  }
}