{
  "args0": [
    {
      "type": "input_value",
      "name": "root",
      "check": "Root"
    }
  ],
  "inputsInline": true,
  "output": "String",
  "colour": "#609986",
  "mcreator": {
    "toolbox_id": "roots",
    "toolbox_init": [
      "<value name=\"root\"><block type=\"variables_get_root\"><mutation xmlns=\"http://www.w3.org/1999/xhtml\" is_player_var=\"false\" has_entity=\"false\"></mutation><field name=\"VAR\"></field></block></value>"
    ],
    "inputs": [
      "root"
    ]
  }
}