{
  "args0": [
    {
      "type": "input_value",
      "name": "text",
      "check": "String"
    },
    {
      "type": "input_value",
      "name": "sep",
      "check": "String"
    }
  ],
  "inputsInline": true,
  "output": "Number",
  "colour": "#0952a4",
  "mcreator": {
    "toolbox_id": "stringindex",
    "toolbox_init": [
      "<value name=\"text\"><block type=\"text\"><field name=\"TEXT\">text</field></block></value>",
      "<value name=\"sep\"><block type=\"text\"><field name=\"TEXT\">text</field></block></value>"
    ],
    "inputs": [
      "text",
      "sep"
    ]
  }
}