{
  "args0": [
    {
      "type": "input_value",
      "name": "text",
      "check": "String"
    },
	{
      "type": "field_dropdown",
      "name": "last_line",
      "options": [
        [
          "Both",
		  "new com.kleiders.kleidersplayerrenderer.Classic"
        ],
        [
          "Internal",
		  "new com.kleiders.kleidersplayerrenderer.Internal"
        ],
		[
          "External",
		  "new com.kleiders.kleidersplayerrenderer.External"
        ]
      ]
    },
	{
      "type": "field_dropdown",
      "name": "hide_base",
      "options": [
        [
          "false",
		  "//"
        ],
        [
          "true",
		  " "
        ]
      ]
    }
  ],
  "inputsInline": true,
  "previousStatement": null,
  "nextStatement": null,
  "colour": "#ff00ff",
  "mcreator": {
    "toolbox_id": "kleiderscustomrenderer",
    "toolbox_init": [
      "<value name=\"text\"><block type=\"text\"><field name=\"TEXT\">YOUR_MOD_ID:textures/entities/YOUR_TEXTURE_NAME.png</field></block></value>"
    ],
    "inputs": [
      "text"
    ],
    "fields": [
  "last_line",
  "hide_base"
    ],
    "dependencies": [
    ]
	
  }
}