{
  "args0": [
    {
      "type": "field_input",
      "name": "model",
      "text": "ENTITYRenderer.ModelMODELNAME"
    },
	{
      "type": "input_value",
      "name": "text",
      "check": "String"
    },
	{
      "type": "field_dropdown",
      "name": "last_line",
      "options": [
        [
          "true",
		  " "
        ],
        [
          "false",
		  "//"
        ]
      ]
    }
  ],
  "inputsInline": true,
  "previousStatement": null,
  "nextStatement": null,
  "colour": "#6e5a6c",
  "mcreator": {
    "toolbox_id": "kleiderscustomrenderer",
    "toolbox_init": [
      "<value name=\"text\"><block type=\"text\"><field name=\"TEXT\">YOUR_MOD_ID:textures/entities/YOUR_TEXTURE_NAME.png</field></block></value>",
    ],
    "inputs": [
      "text"
    ],
    "fields": [
	"model",
	"last_line"
    ],
    "dependencies": [
    ]
	
  }
}