{
	"message0": "Add an header named %1 with value %2 on %3 request",
	"args0": [
		{
			"type": "input_value",
			"name": "name",
			"check": "String"
		},
        {
			"type": "input_value",
			"name": "value",
			"check": "String"
		},
        {
			"type": "input_value",
			"name": "request",
			"check": "HttpRequest"
		}
	],
	"inputsInline": true,
	"output": "HttpRequest",
	"colour": 350,
	"mcreator": {
		"toolbox_id": "http-utility",
		"toolbox_init": [
			"<value name=\"name\"><block type=\"text\"><field name=\"name\"></field></block></value>",
            "<value name=\"value\"><block type=\"text\"><field name=\"value\"></field></block></value>"
		],
		"inputs": [
			"name",
            "value",
            "request"
		]
	}
}