{
	"message0": "Create an HTTP POST request to url %1 with json body %2",
	"args0": [
		{
			"type": "input_value",
			"name": "url",
			"check": "String"
		},
		{
			"type": "input_value",
			"name": "body",
			"check": "String"
		}
	],
	"inputsInline": true,
	"output": "HttpRequest",
	"colour": 350,
	"mcreator": {
		"toolbox_id": "http-utility",
		"toolbox_init": [
			"<value name=\"url\"><block type=\"text\"><field name=\"url\"></field></block></value>",
			"<value name=\"body\"><block type=\"text\"><field name=\"TEXT\">{}</field></block></value>"
		],
		"inputs": [
			"url",
			"body"
		]
	}
}