{
	"message0": "[OUTDATED] Do an HTTP POST request to url %1 with json string %2 and get response",
	"args0": [
		{
			"type": "input_value",
			"name": "url",
			"check": "String"
		},
		{
			"type": "input_value",
			"name": "json",
			"check": "String"
		}
	],
	"inputsInline": true,
	"output": "String",
	"colour": 350,
	"mcreator": {
		"toolbox_id": "http-utility",
		"toolbox_init": [
			"<value name=\"url\"><block type=\"text\"><field name=\"url\"></field></block></value>",
			"<value name=\"json\"><block type=\"text\"><field name=\"TEXT\">{}</field></block></value>"
		],
		"inputs": [
			"url",
			"json"
		]
	}
}