{
  "args0": [
    {
      "type": "input_value",
      "name": "fluid",
      "check": "BlockStateProvider"
    },
    {
      "type": "input_value",
      "name": "border",
      "check": "BlockStateProvider"
    }
  ],
  "inputsInline": true,
  "output": "Feature",
  "colour": 0,
  "extensions": [
    "add_image_to_bsp_inputs"
  ],
  "mcreator": {
    "toolbox_id": "features",
    "toolbox_init": [
      "<value name=\"fluid\"><block type=\"mcitem_allblocks\"><field name=\"value\"></field></block></value>",
      "<value name=\"border\"><block type=\"mcitem_allblocks\"><field name=\"value\"></field></block></value>"
    ],
    "inputs": [
      "fluid",
      "border"
    ]
  }
}