{
  "dependencies_provided": [
    {
      "name": "x",
      "type": "number"
    },
    {
      "name": "y",
      "type": "number"
    },
    {
      "name": "z",
      "type": "number"
    },
    {
      "name": "parentA",
      "type": "entity"
    },
	{
		"name": "parentB",
		"type": "entity"
	},
	{
		"name": "child",
		"type": "entity"
	},
    {
      "name": "breeder",
      "type": "entity"
    },
	{
		"name": "world",
		"type": "world"
	}
  ],
  "cancelable": true,
  "side": "server"
}
