{
  "dependencies_provided": [
    {
      "name": "x",
      "type": "number"
    },
    {
      "name": "y",
      "type": "number"
    },
    {
      "name": "z",
      "type": "number"
    },
    {
      "name": "entity",
      "type": "entity"
    },
	{
		"name": "slot",
		"type": "string"
	},
	{
		"name": "from",
		"type": "itemstack"
	},
	{
		"name": "to",
		"type": "itemstack"
	},
	{
		"name": "world",
		"type": "world"
	}
  ],
  "cancelable": false,
  "side": "server"
}
