{
  "args0": [
    {
      "type": "field_data_list_selector",
      "name": "achievement",
      "datalist": "achievements",
      "customEntryProviders": "achievement"
    }
  ],
  "inputsInline": true,
  "output": "Boolean",
  "colour": "%{BKY_LOGIC_HUE}",
  "mcreator": {
    "toolbox_id": "logicoperations",
    "fields": [
      "achievement"
    ],
    "dependencies": [
      {
        "name": "advancement",
        "type": "advancement"
      },
      {
        "name": "world",
        "type": "world"
      }
    ]
  }
}