{
  "args0": [
    {
      "type": "input_value",
      "name": "entity",
      "check": "Entity"
    }
  ],
  "extensions": [
    "gamemode_list_provider"
  ],
  "inputsInline": true,
  "previousStatement": null,
  "nextStatement": null,
  "colour": 175,
  "mcreator": {
    "group": "gamemode",
    "toolbox_id": "playermanagement",
    "fields": [
      "gamemode"
    ],
    "toolbox_init": [
      "<value name=\"entity\"><block type=\"entity_from_deps\"></block></value>"
    ],
    "inputs": [
      "entity"
    ]
  }
}