{
  "args0": [
    {
      "type": "input_value",
      "name": "entity",
      "check": "Entity"
    },
    {
      "type": "input_value",
      "name": "tag",
      "check": "String"
    }
  ],
  "inputsInline": true,
  "output": "Boolean",
  "colour": "%{BKY_LOGIC_HUE}",
  "mcreator": {
    "group": "base_tag",
    "toolbox_id": "entitydata",
    "toolbox_init": [
      "<value name=\"entity\"><block type=\"entity_from_deps\"></block></value>",
      "<value name=\"tag\"><block type=\"text\"><field name=\"TEXT\">minecraft:skeletons</field></block></value>"
    ],
    "inputs": [
      "entity",
      "tag"
    ]
  }
}